country,1990,1991,1992,1993,1994,1995,1996,1997,1998,1999,2000,2001,2002,2003,2004,2005,2006,2007,2008,2009,2010,2011,2012,2013,2014,2015,2016,2017,2018,2019
Afghanistan,276,276,278,280,279,276,274,273,271,269,269,272,276,284,291,298,305,315,325,338,351,366,383,399,416,433,453,476,499,520
Angola,176,179,184,189,192,193,193,197,206,213,218,221,221,229,244,251,268,283,301,326,349,375,402,424,440,467,491,522,555,587
Albania,122,126,123,122,115,118,122,124,127,129,135,138,150,165,176,179,178,182,194,205,218,232,243,256,275,294,306,317,328,339
Andorra,22.1,23.8,25.8,27.9,28.9,29.7,30.9,32.7,34.8,36.6,38.4,39.8,41.4,44,46,47.2,48.8,50.3,51.6,52.7,53.6,49.6,48.4,48.9,49.8,51,52.5,54.5,56.8,59
United Arab Emirates,45.6,50.2,55.1,60.1,66.3,72.7,78.7,84.6,89.5,95.6,105,113,121,126,135,146,157,166,181,202,221,246,273,304,336,371,412,457,512,571
Argentina,4380,4460,4770,4840,4980,5120,5420,5760,6030,6330,6300,6530,6810,6950,6910,7110,7330,7740,7660,7740,7850,8110,8340,8460,8420,8730,9390,9800,9990,10.3k
Armenia,232,243,260,276,267,255,259,250,246,262,264,275,283,291,296,310,320,324,329,340,352,351,343,338,349,365,373,383,393,405
American Samoa,2.45,2.52,2.58,2.67,2.84,2.97,3.08,3.18,3.32,3.3,3.48,3.5,3.52,3.56,3.7,3.8,3.92,4.03,4.15,4.28,4.35,4.52,4.71,4.82,4.94,5.07,5.29,5.31,5.39,5.49
Antigua and Barbuda,3.87,3.92,4.02,4.29,4.4,4.49,4.07,4.05,4.11,4.28,4.52,4.56,4.68,4.86,5.1,5.33,5.78,7.3,7.65,7.01,7.18,7.35,7.52,7.56,7.94,8.2,8.48,8.78,9.2,9.68
Australia,5100,5230,5520,5710,6080,6190,6480,6660,6910,7040,7160,7160,7200,7080,7540,7800,7890,8320,8600,8640,8760,8710,8580,8690,9080,9500,9410,9720,10.2k,10.6k
Austria,2910,3050,3110,3210,3240,3330,3370,3360,3380,3330,3340,3270,3300,3270,3230,3170,3060,3070,3010,3140,3100,3040,3070,3120,3140,3250,3220,3260,3300,3380
Azerbaijan,364,377,403,407,407,384,367,351,339,333,327,318,325,342,361,393,428,464,510,546,582,622,653,681,706,730,758,794,813,844
Burundi,99.1,100,102,104,105,106,105,105,105,103,102,100,102,104,108,112,115,117,121,125,132,138,145,151,156,161,166,172,182,189
Belgium,3140,3190,3240,3360,3410,3490,3460,3530,3580,3710,3760,3800,3930,4010,4030,4130,4010,4040,4030,4250,4310,4380,4540,4520,4500,4590,4560,4690,4790,4920
Benin,72.6,74.9,76.5,78.7,81.6,84.3,87.4,89.3,91.7,93.5,96.6,99.2,103,106,109,112,116,120,125,131,136,143,148,153,158,162,168,176,182,190
Burkina Faso,132,134,137,141,144,147,149,152,156,156,160,160,162,168,174,182,187,191,196,203,215,224,236,250,262,274,288,303,317,328
Bangladesh,1270,1210,1240,1270,1300,1360,1390,1410,1440,1470,1540,1570,1620,1700,1760,1850,1970,2090,2180,2270,2360,2350,2360,2480,2680,2790,3000,3320,3570,3820
Bulgaria,1940,1800,1710,1570,1560,1530,1550,1630,1650,1610,1730,1840,1970,2130,2380,2640,2810,2920,2980,3080,3170,3250,3300,3340,3480,3480,3520,3540,3560,3560
Bahrain,15.7,16.8,17.7,18.4,19.4,20.7,21.9,23.3,24.5,24.9,23.8,24.6,28.3,32.3,34.9,37.4,40.5,43,46.9,52,57.7,61,63,66,72,77.6,83.5,91.7,104,116
Bahamas,19.1,18.7,18.3,19.4,20.7,21.8,22.9,23.1,24.5,26.7,27.1,28.9,28.6,29.7,31.5,32.4,34.9,36.1,38.5,40.8,43.2,44.5,45.7,46.1,48.1,50.2,51.9,53.8,56.7,59.2
Bosnia and Herzegovina,351,395,387,388,386,387,402,431,456,498,566,630,704,769,806,907,922,1010,991,1020,1040,1070,1060,1090,1100,1140,1140,1150,1180,1200
Belarus,1500,1640,1750,1950,1960,1990,2020,2090,2140,2170,1990,2100,2100,2000,1950,1970,1940,1860,1960,2020,2160,2290,2120,2190,2290,2380,2460,2580,2610,2700
Belize,3.57,3.67,3.9,4.14,4.53,5.19,6.01,7.14,8.01,8.83,9.21,8.97,8.71,8.88,9.49,9.92,10.6,11,11.4,12.1,13,13.7,14.2,14.9,16.1,17.6,18.7,19.8,21.4,22.7
Bermuda,12.6,12.5,12,12.4,12.6,12.2,12.9,12.9,13.3,14.1,14.8,14.8,15.4,16.3,17.1,18.1,19.2,19.8,20.9,22,23.3,24.1,25.1,26,27.1,27.6,28,28.9,29.9,30.9
Bolivia,128,134,140,146,151,160,169,186,200,212,228,241,255,270,282,293,309,326,342,358,378,402,424,444,443,478,540,568,605,640
Brazil,5030,5210,5520,6010,6330,6670,7170,7600,8180,8720,9260,9820,10.4k,11.1k,11.7k,12.1k,12.7k,13.3k,13.9k,14.5k,15.2k,16k,16.5k,17.1k,17.7k,18.3k,19.4k,19.7k,20.2k,21.1k
Barbados,31.4,31.8,34.2,36.6,39.1,40.3,41.7,43.7,43.9,41.9,42,42.1,46.8,50.7,54.7,55.9,58.3,58.6,60.3,58.8,61,62.5,65.1,67.8,70.3,72,74.5,77.8,83.2,91.7
Brunei,22.7,22.7,23.1,23.4,22.8,22.8,22.7,23.1,24,24.9,25.8,26.9,29.1,32.3,35,38.1,40.8,42.1,44.1,47.2,50.9,53.5,55.8,59.4,62,64.8,68.5,72.4,76.5,80.5
Bhutan,5.03,5.21,5.4,5.64,5.9,6.21,6.43,6.87,7.31,7.63,8.21,8.59,9.03,9.63,10.2,10.7,11.3,12,12.7,13.6,14.3,15,15.8,16.5,17.2,17.9,18.7,19.5,20.6,21.6
Botswana,31.6,34.8,38.4,42.4,47.3,52.7,58.4,63.6,67.9,71.7,75.3,78.1,80,80,78.9,78,79.9,79.9,81.9,84,87.7,91.7,95.5,99.8,104,108,112,118,124,131
Central African Republic,48.7,50,50.1,50.4,51,51.4,52.6,52.7,53.4,54.2,54.4,55.2,56.4,57.2,58.2,59.1,60.4,61.7,62.8,64.6,67.5,70.1,71.7,72.2,72.2,72.5,73.5,74.6,76.3,77.9
Canada,7760,7900,8120,8500,8600,8920,9090,9430,9780,10.2k,10.5k,10.8k,11.1k,11.9k,12.2k,12.6k,12.8k,13.5k,14k,14.3k,14.4k,14.4k,15.2k,15.4k,15.8k,16.1k,16.6k,17.1k,18.1k,18.6k
Switzerland,1600,1720,1780,1820,1940,2090,2090,2200,2320,2310,2430,2410,2440,2510,2520,2560,2570,2630,2620,2740,2720,2720,2730,2810,2810,2830,2820,2880,2940,3000
Chile,719,708,709,767,808,869,903,912,938,983,1010,1130,1160,1270,1350,1390,1440,1530,1610,1800,1940,2030,2160,2330,2470,2610,2650,2750,2870,2960
China,56.9k,59.6k,61.6k,64k,65.6k,68.1k,72.1k,76.7k,81.9k,87.9k,97k,107k,121k,136k,155k,169k,179k,194k,211k,230k,250k,265k,278k,288k,302k,311k,322k,341k,366k,390k
Cote d'Ivoire,224,240,259,279,297,315,329,339,350,359,367,373,380,386,391,392,395,397,400,411,424,435,450,470,485,499,506,523,554,573
Cameroon,221,231,243,256,265,274,285,299,313,323,336,347,362,380,399,419,439,452,468,487,508,532,556,581,601,620,642,668,702,730
"Congo, Dem. Rep.",539,551,557,554,556,563,574,564,564,562,558,555,549,564,568,572,580,590,615,638,667,708,751,797,843,882,930,986,1060,1120
"Congo, Rep.",67,67.7,69,70,72.4,73.9,75.3,77.1,75.2,74.9,73.3,72.1,71.7,74.1,75.8,77.6,80.6,84.2,88.2,92.4,96.3,102,109,116,122,128,135,142,151,159
Cook Is,0.7,0.73,0.75,0.77,0.79,0.8,0.82,0.84,0.86,0.89,0.93,0.92,0.93,0.94,0.95,0.97,0.98,1.01,1.03,1.06,1.11,1.16,1.21,1.24,1.29,1.35,1.42,1.47,1.53,1.58
Colombia,887,973,1010,1060,1160,1240,1360,1390,1430,1550,1630,1710,2130,2010,2120,2090,2280,2320,2490,2840,2970,2990,3140,3240,3220,3440,3610,3780,3960,4130
Comoros,8.64,8.78,9.32,9.66,10.1,10.4,10.7,10.8,10.8,10.7,11.2,11.3,11.6,11.6,11.4,12.1,12,13.2,13.8,13.7,13.8,14.5,15.2,15.8,17.3,17.8,18.4,19.1,19.5,20.1
Cape Verde,4.74,4.99,5.22,5.6,6.04,6.61,7.57,8.66,9.14,9.55,9.92,10.4,10.8,11.3,11.8,12.3,11.6,11.7,12.4,13,13.6,14.4,15.5,16.2,16.8,17.5,18.6,20.1,27.2,28.1
Costa Rica,121,128,140,141,153,166,167,179,190,220,224,243,258,287,320,311,363,344,377,389,481,476,499,541,581,636,694,713,758,780
Cuba,1080,1120,1160,1200,1220,1200,1210,1250,1280,1340,1360,1400,1400,1480,1570,1690,1690,1730,1760,1850,1940,1880,2060,2130,2250,2410,2550,2770,2880,2880
Cyprus,81.2,84.8,90.2,97.3,104,109,111,117,124,130,139,148,161,176,198,219,237,266,285,306,311,310,320,336,351,365,374,381,396,414
Czech Republic,3780,3680,3710,3750,4040,4210,4280,4410,4370,4430,4420,4070,4570,4910,4960,4970,4890,4990,5080,5090,5100,5040,4960,4900,4800,4870,4880,5030,5240,5320
Germany,25.1k,26.3k,27k,28.3k,29.5k,30.3k,31.3k,32.1k,33.2k,35.4k,38.4k,39.7k,41.5k,42.7k,43.3k,43.9k,44.1k,44.4k,44.4k,43.9k,41.7k,39.5k,38.4k,38.4k,37.4k,38.8k,38.8k,40.2k,41.6k,43.1k
Djibouti,6.66,6.92,7.28,7.84,8.07,8.73,9.28,9.78,10.6,11.1,11.6,12.2,13.1,13.9,15.4,16.6,17.6,18.8,20.1,21.3,22.9,24.3,25.9,27.5,28.7,30.6,32.5,35,38,40.6
Dominica,4.96,4.96,5.05,5.23,5.42,5.63,5.79,5.81,5.85,5.98,6.15,6.3,6.46,6.6,6.76,6.84,6.97,7.04,7.19,7.39,7.68,7.99,8.34,8.54,8.7,8.79,8.84,8.97,9.08,9.25
Denmark,1510,1530,1590,1690,1830,1860,1940,1940,1950,2070,2000,2070,2180,2240,2290,2250,2380,2450,2450,2550,2620,2550,2570,2640,2680,2670,2800,2890,2960,3020
Dominican Republic,145,147,149,158,172,186,205,225,248,274,279,290,312,337,374,410,452,481,498,515,533,558,613,670,703,741,784,806,831,857
Algeria,464,486,510,533,556,579,608,634,660,691,721,756,792,834,882,935,987,1040,1090,1140,1190,1250,1310,1370,1440,1520,1600,1700,1810,1930
Ecuador,200,226,234,243,260,270,297,311,350,376,401,450,513,559,618,678,730,785,829,837,870,936,999,1050,1080,1110,1180,1250,1310,1350
Egypt,963,985,1020,1100,1180,1200,1240,1290,1320,1400,1470,1600,1670,1750,1820,1860,1940,1960,2050,2230,2370,2560,2650,2620,2770,3110,3360,3560,3810,4040
Eritrea,33.9,34.3,36.7,39.9,44.2,50.1,52.8,55.7,57.7,60.6,63.5,66.3,72.1,75.9,79.2,81.8,84.2,86.6,88.9,90.9,92.8,95.5,99,103,106,111,116,121,128,134
Spain,9980,10.7k,11.2k,11.8k,12.3k,13.1k,13.6k,13.9k,14.8k,15.8k,15.8k,16.3k,17k,18.1k,18.6k,19.5k,19.9k,21.2k,22.2k,23.1k,24k,24.8k,25.6k,25.6k,26.2k,27.1k,27.1k,27.4k,27.5k,27.8k
Estonia,273,286,290,312,329,311,267,275,300,293,300,329,341,348,373,385,408,448,442,463,445,469,477,459,499,490,493,488,490,491
Ethiopia,841,849,864,871,869,869,861,862,870,871,862,862,876,888,908,932,954,980,1010,1050,1090,1140,1180,1250,1330,1400,1480,1560,1660,1760
Finland,848,868,908,941,946,995,1010,1040,1070,1100,1120,1150,1180,1240,1300,1350,1370,1450,1500,1550,1610,1640,1670,1740,1790,1820,1920,1970,2000,2030
Fiji,19.8,20.1,20.4,20.7,21,21.3,21.8,22.1,21.5,23.2,24.1,24.4,24.1,24.9,26,28.1,30.3,32.1,33.1,33.6,35.8,38.2,40.3,41.4,42.8,44.5,46.1,47.8,49.4,51
France,17.3k,17.7k,18.3k,18.8k,18.8k,19.1k,19.4k,19.6k,20.6k,21k,21k,21.7k,22.5k,23.3k,22.7k,23.4k,23.4k,23.8k,24.3k,25.1k,25.4k,25.5k,25.7k,26k,25.9k,27.5k,26.9k,27.7k,28.1k,28.8k
"Micronesia, Fed. Sts.",2.97,3.06,3.13,3.2,3.27,3.32,3.37,3.4,3.42,3.45,3.48,3.56,3.64,3.73,3.83,3.91,4,4.08,4.16,4.24,4.33,4.43,4.54,4.67,4.8,4.95,5.11,5.28,5.46,5.62
Gabon,45,46,47,47.6,49,51.3,52.5,52.8,53.1,52.8,54,55.3,55.7,57.1,58.3,59.7,61.8,64.4,67.1,68.6,69.5,72.3,75,77.4,79.8,82.9,86.8,91.1,95.6,99.8
United Kingdom,19.3k,19.6k,19.9k,20.7k,20.4k,21k,21k,20.9k,21.3k,21.8k,21.4k,21.6k,22k,22.7k,22.6k,22.7k,23.4k,23.7k,24.5k,24.6k,24.8k,24.7k,24.9k,26k,26k,26.9k,27.5k,28k,29.3k,29.9k
Georgia,490,496,489,450,416,373,342,346,359,367,387,404,423,442,476,473,473,483,496,503,523,548,557,543,540,569,588,598,603,606
Ghana,198,208,220,233,242,248,259,277,292,307,322,344,364,383,406,433,457,481,501,521,549,588,614,634,660,684,726,770,798,834
Guinea,94.6,97.8,102,106,112,117,122,128,134,139,142,146,151,155,160,164,170,173,177,182,187,190,195,199,204,208,212,216,223,226
Gambia,8.79,9.35,10,10.3,10.8,12.2,12.2,12.9,13.9,15.3,15.2,15.6,16.3,17.3,19.2,20.3,20.6,21.2,21.1,22.2,22.7,21.9,22.7,23.9,26,26.1,28.1,30.3,31.3,32.6
Guinea-Bissau,21.9,22.1,22.3,22.5,22.7,22.9,23.1,23.2,23.1,23.1,23,23.3,23.7,24.1,24.9,25.3,25.7,26.2,26.9,27.5,28.2,29,29.6,30.3,30.9,31.6,32.5,33.4,34.2,35.2
Equatorial Guinea,6.97,6.99,7.02,7.08,7.14,7.35,7.64,8.02,8.41,8.85,9.37,10.1,10.7,11.7,12.9,14.1,15.5,16.8,18.1,19.5,20.8,23.2,25.2,26.8,28.1,29.5,31.7,33.6,35.6,36.9
Greece,1870,2010,2190,2270,2380,2500,2600,2670,2790,3000,3080,3160,3170,3330,3470,3500,3450,3670,3620,3760,3710,3880,4020,3910,3980,4100,4110,4140,4220,4320
Grenada,6.11,6.16,6.29,6.15,6.16,6.27,6.4,6.5,6.74,7.67,8,8.32,8.67,8.95,9.35,9.43,9.58,9.86,10.2,10.4,10.8,11.1,10.9,11.3,12.1,12.7,14,15.1,15.3,15.8
Greenland,6.27,6.46,6.65,6.96,7.37,7.74,8.04,8.31,8.74,9.2,9.74,10.3,10.6,11,11.5,11.9,12.5,13,13.4,13.9,14.5,14.9,15.2,15.7,15.9,16,16.5,17,17.4,17.9
Guatemala,90.3,99.6,109,122,133,130,133,152,181,195,219,246,264,277,303,329,353,361,374,404,429,462,480,502,520,540,558,570,595,622
Guam,10.8,11.2,11.5,12.1,13.2,12.5,11.5,11.9,12.5,12.9,14.2,14.7,14.8,14.2,14.7,15.3,15.8,16.3,16.9,17.6,18.4,18.9,19.7,20.9,22,22.7,24.1,24.6,25.3,26.1
Guyana,28.8,27.8,27.6,28.8,28.6,30.3,33.1,33.7,33.7,35,38.6,38.2,39.3,38.8,39.1,38.9,38.9,39.7,41,41.8,43.7,44.9,46.7,47.6,50.2,51.5,53.6,55.9,58.3,60.2
Honduras,47.8,50,52.6,55.4,58.5,61.8,64.6,67.6,71.1,75.2,80,84.8,90,95.7,102,107,112,119,127,136,148,163,186,194,201,209,217,226,236,248
Croatia,1110,1130,1190,1240,1260,1290,1380,1480,1500,1530,1470,1480,1570,1740,1750,1900,1920,2020,2190,2210,2220,2280,2390,2340,2450,2590,2520,2550,2550,2590
Haiti,149,148,151,153,153,156,156,160,161,166,172,178,184,191,198,205,213,222,230,237,240,247,257,269,280,291,302,314,327,338
Hungary,3220,3260,3560,3700,3790,3910,3930,4080,4370,4550,4490,4510,4640,4790,4830,5010,5000,5090,5040,5190,5210,5240,5280,5190,5370,5580,5610,5720,5870,5710
Indonesia,4430,4720,5040,5350,5680,6000,6370,6770,7110,7470,7920,8360,8830,9290,9830,10.4k,11k,11.6k,12.2k,12.9k,13.6k,14.3k,15.1k,15.7k,16.4k,17.1k,18k,18.9k,19.9k,21k
India,12.4k,12.8k,12.9k,13.6k,14.3k,14.7k,15.6k,17.2k,17.8k,17.9k,18.6k,19.5k,20.2k,20.7k,20.7k,22.2k,23.3k,24.5k,25.8k,26.9k,27.9k,29.2k,30.9k,32.7k,34k,36k,38.3k,40.1k,42.9k,45.5k
Ireland,975,1000,1010,1070,1050,1090,1090,1110,1150,1190,1200,1200,1260,1260,1340,1350,1390,1450,1480,1620,1500,1610,1640,1680,1710,1750,1790,1870,1930,2010
Iran,1270,1320,1360,1450,1490,1570,1670,1720,1770,1790,1940,2130,2230,2320,2440,2640,2820,2930,3080,3260,3460,3680,3900,4180,4530,4940,5260,5530,5880,6240
Iraq,345,352,363,369,373,383,395,406,419,439,463,493,522,544,572,598,631,673,729,777,838,915,988,1060,1120,1180,1250,1340,1450,1570
Iceland,42.4,43.5,44.6,45.8,48.5,51.8,54.7,57.6,60.5,61.4,62.3,65.3,68.8,69.3,70.6,73.6,78.3,81.5,83.5,86.7,87.4,88.4,91.2,91.7,88.8,92.4,95.4,97.8,101,105
Israel,761,867,967,999,1080,1160,1190,1250,1330,1330,1420,1410,1440,1460,1480,1530,1530,1610,1630,1600,1640,1650,1670,1690,1670,1770,1770,1840,1950,2030
Italy,17.6k,18.6k,19.2k,19.8k,21k,21.6k,22.2k,23.2k,24.6k,25.3k,25.6k,26.6k,27.5k,29.5k,29.4k,30.1k,30.4k,30.8k,31.4k,31.7k,31.3k,31.6k,31.8k,31.5k,31.3k,32.7k,32.1k,32.5k,33.2k,33.7k
Jamaica,119,111,122,135,141,146,164,181,203,217,215,237,236,231,219,208,227,283,346,381,314,368,328,337,371,378,383,390,400,406
Jordan,97.7,100,106,113,121,127,131,136,141,147,150,154,163,169,184,206,231,258,282,314,351,387,425,465,507,553,605,661,726,791
Japan,40.4k,43.3k,47k,49.9k,51.2k,54.1k,54.9k,56.3k,60k,62.3k,61.9k,62.9k,64.2k,67.8k,69k,72k,72k,74.2k,76.3k,78.6k,81.5k,84.1k,85.5k,87.5k,88.9k,90k,91.4k,91k,91.9k,93.1k
Kazakhstan,1160,1100,1070,1110,1130,1140,1130,1090,1030,1000,1020,1050,1070,1120,1130,1160,1190,1220,1230,1250,1310,1360,1400,1410,1440,1490,1550,1590,1650,1660
Kenya,187,198,209,218,227,236,248,261,276,288,306,324,355,386,414,441,470,498,526,558,598,618,638,655,678,705,738,775,822,871
Kyrgyz Republic,199,200,207,222,226,215,202,194,185,175,173,170,171,170,169,172,175,176,170,165,167,174,181,188,194,200,200,212,218,227
Cambodia,206,213,220,229,239,249,258,269,282,296,312,332,352,375,402,429,455,486,517,548,582,619,656,695,738,785,835,887,948,1010
Kiribati,2.72,2.78,2.85,2.88,2.89,2.89,2.95,3.01,3.08,3.15,3.22,3.28,3.32,3.39,3.44,3.48,3.55,3.65,3.74,3.81,3.86,3.92,3.98,4.04,4.08,4.19,4.35,4.51,4.67,4.82
St. Kitts and Nevis,4.52,4.52,4.51,4.45,4.56,4.69,4.8,4.86,4.93,4.97,5.01,5.1,5.16,5.24,5.57,5.76,6.05,6.29,5.75,5.85,6.16,6.46,6.87,7.2,7.63,8.08,8.51,9.12,9.89,12.1
South Korea,2650,3080,3460,3940,4520,4890,5280,5560,5810,6130,6520,6970,7720,8630,9600,10.3k,11.1k,12.1k,13.1k,14.1k,15k,15.5k,16k,16.2k,16.6k,16.8k,17.1k,17.9k,18.7k,19.9k
Kuwait,37.5,34.5,31.2,36.1,39.8,43.6,47,60.7,62.2,73.7,75.9,73.7,81.9,85.8,92.8,106,124,133,171,166,150,157,177,197,210,236,261,285,309,334
Lao,111,115,119,123,127,132,136,140,145,149,154,161,165,171,177,183,191,198,207,215,223,231,240,252,265,279,295,311,330,350
Lebanon,172,176,184,191,196,203,213,225,238,258,276,301,330,359,390,423,461,498,537,582,626,675,722,762,790,809,825,840,859,875
Liberia,43,43.6,43.2,42.4,41.3,39,38.4,36.7,36.2,35.8,36.9,37.7,39.1,39.7,40.5,41.8,44,46.1,48.1,50.9,53.8,56.3,59,60.9,61.1,62.2,63.4,64.9,67.7,70.7
Libya,136,141,146,151,155,159,163,175,188,199,208,219,232,240,236,246,263,296,319,336,348,358,374,388,400,408,416,430,453,479
St. Lucia,5.8,5.97,6.14,6.31,6.48,6.79,7.22,7.47,7.52,7.87,8.31,8.8,9.29,9.62,10,9.99,10.2,10.8,11.4,11.8,12,12.4,13.2,14.3,15.3,16,17.7,18.6,19.5,20.3
Sri Lanka,314,303,310,315,345,380,406,446,442,453,466,469,487,524,548,585,621,660,720,734,788,856,906,925,985,1020,1070,1120,1140,1200
Lesotho,31.7,32.4,33.6,34.8,36.5,38.2,40,41.9,43.3,44.7,46.2,47.9,49.6,51,52.9,54.1,55.4,56,56.7,57.7,59.4,61.2,63.4,65.7,68,69.8,70.7,72,73.7,75.6
Lithuania,534,565,568,641,660,649,628,614,641,653,684,739,738,745,759,822,850,896,874,839,876,875,888,912,896,921,926,843,861,851
Luxembourg,121,124,125,130,136,143,145,147,154,154,161,162,172,181,190,186,188,186,187,189,190,188,191,192,191,188,186,193,199,207
Latvia,386,396,411,464,504,458,390,386,418,415,419,455,469,465,479,526,559,574,559,549,555,545,557,565,568,556,521,524,532,537
Morocco,448,472,506,535,545,560,576,596,618,643,644,658,666,705,732,763,801,840,881,925,973,1030,1090,1240,1300,1370,1450,1540,1640,1740
Monaco,16.8,17.2,17.8,18.3,18.9,19.4,19.9,20.8,21.7,22.8,23.8,24.6,25.4,26.2,26.9,27.4,27.9,28.4,29,29.5,29.8,30.1,30.4,31.1,31.5,31.9,32.2,32.5,32.9,33.2
Moldova,552,572,536,538,610,605,538,474,450,474,487,490,519,549,595,677,694,742,777,822,884,824,863,864,949,1040,1040,985,979,968
Madagascar,184,184,182,189,184,191,194,196,202,202,203,209,217,228,234,241,243,245,255,263,271,280,290,300,311,323,338,355,374,392
Maldives,4.34,4.61,4.88,5.15,5.39,5.63,5.97,6.19,6.36,6.39,6.69,7.03,7.32,7.53,7.71,7.85,8.21,8.72,9.44,10.2,11,11.7,12.5,13.4,14.4,15.5,16.8,18.2,19.9,21.8
Mexico,1600,1660,1710,1830,2030,2170,2330,2510,2720,2850,2990,3110,3330,3560,3710,4050,4200,4380,4870,5190,5370,5590,5920,6550,6900,7250,7700,8500,8890,9430
Marshall Islands,1.02,1.05,1.09,1.09,1.03,1.08,1.11,1.15,1.17,1.2,1.24,1.29,1.34,1.4,1.45,1.5,1.57,1.63,1.68,1.74,1.81,1.88,1.95,2.02,2.08,2.16,2.24,2.32,2.41,2.49
North Macedonia,198,203,220,230,239,253,268,282,309,332,349,377,411,422,425,442,469,489,495,524,536,539,551,565,585,599,620,633,645,660
Mali,155,157,162,167,172,177,181,184,186,188,193,199,209,218,228,238,248,260,270,281,292,300,308,318,330,345,368,389,403,417
Malta,60.9,61.4,62.8,66,68.2,71.6,74.3,79.1,81.4,85.1,87.9,92.6,97.5,101,105,111,114,121,127,130,135,139,143,146,150,147,154,160,166,172
Myanmar,1070,1100,1130,1160,1200,1240,1290,1330,1380,1430,1500,1590,1670,1750,1850,1930,2030,2110,2180,2280,2370,2490,2580,2700,2820,2950,3100,3260,3430,3590
Montenegro,77.4,75.9,76.5,80.2,81.9,82.3,84.1,88.6,90.4,90.6,92.2,98.4,104,111,116,121,125,127,131,135,138,143,145,152,158,164,171,176,176,180
Mongolia,52.2,54.7,56.3,58,59.4,62,63.9,63.5,63.9,63.9,64,65.8,66.3,67,67.8,69.5,70.8,72.6,75.7,80.3,84.5,88.9,92.6,96.9,101,107,115,123,131,140
Northern Mariana Islands,3.25,3.48,3.58,3.57,3.58,3.72,3.96,4.32,4.77,4.68,5.3,5.65,5.83,5.89,5.98,6.17,6.52,6.91,7.28,7.62,7.9,8.07,8.14,8.15,8.27,8.63,9.41,9.72,10.1,10.4
Mozambique,131,133,136,140,144,147,152,160,169,179,189,196,207,219,235,251,268,283,302,320,339,359,377,394,408,421,433,448,464,478
Mauritania,44,44.2,45,46.1,45.7,45.1,45.6,45.6,46.2,44.9,45,45.9,46.5,46.9,48.9,50,52.7,53.5,54.8,58.3,59.9,62.8,66.8,70,70.8,73.5,75.2,79.7,82.4,85.3
Mauritius,38.1,40.4,42.2,48.6,52.4,56.8,59.6,67.6,67.4,72.5,71.7,78.2,86.7,90.5,96.8,102,107,109,118,127,125,131,135,142,151,159,168,172,181,188
Malawi,90.9,94.3,97.3,99.3,102,106,111,117,125,130,134,137,142,147,153,156,158,160,163,168,177,184,188,193,198,204,212,219,228,238
Malaysia,821,853,889,936,1010,1110,1160,1200,1220,1420,1400,1430,1480,1600,1670,1710,1790,1880,2020,2140,2190,2290,2430,2520,2750,2970,3260,3540,3840,4230
Namibia,20.2,20.9,21.9,22.7,24,25.2,26.6,27.8,29.3,31.1,33.1,34.5,36.2,38.3,39.5,40.4,40.8,41.5,42.9,44.7,46.3,47.1,48.8,51.2,54,57,59.9,62.3,64.9,67
Niger,82.6,82.3,83.6,85.7,86.3,88,87.3,89.5,92.4,94.5,96.7,100,104,110,111,116,118,121,124,128,133,138,145,153,160,169,178,188,197,203
Nigeria,1300,1340,1390,1440,1480,1500,1530,1570,1620,1660,1700,1760,1850,1950,2060,2180,2280,2370,2440,2540,2670,2820,2960,3040,3080,3100,3150,3210,3280,3350
Nicaragua,53.6,61,62.2,65.1,69.6,75.3,81,80.6,82.2,90.2,94.2,104,116,132,142,159,158,172,189,201,208,229,246,256,268,270,298,306,323,340
Niue,0.16,0.16,0.16,0.17,0.17,0.17,0.18,0.18,0.19,0.19,0.19,0.19,0.19,0.19,0.19,0.19,0.19,0.19,0.2,0.2,0.2,0.2,0.2,0.21,0.21,0.21,0.21,0.22,0.22,0.23
Netherlands,4350,4480,4620,4950,4930,5050,5350,5430,5590,5740,5740,5810,5870,5720,6340,6520,6900,7220,7750,8030,8330,8350,8740,8910,8850,9270,9430,9660,9900,10.1k
Norway,1390,1400,1470,1510,1520,1570,1550,1600,1690,1700,1780,1790,1860,1870,1900,1910,1960,2000,2120,2180,2190,2320,2290,2380,2360,2360,2400,2320,2370,2430
Nepal,155,158,161,168,173,179,184,191,197,203,211,215,220,227,240,253,268,283,300,319,339,366,395,422,446,471,494,520,549,575
Nauru,0.49,0.5,0.5,0.5,0.49,0.5,0.5,0.5,0.49,0.48,0.47,0.47,0.46,0.45,0.44,0.43,0.42,0.41,0.41,0.41,0.41,0.41,0.42,0.44,0.45,0.47,0.49,0.51,0.53,0.55
New Zealand,1150,1180,1280,1300,1280,1350,1350,1360,1350,1420,1390,1410,1370,1480,1490,1540,1550,1650,1670,1690,1710,1750,1800,1840,1910,1930,2030,2080,2230,2290
Oman,32.1,35.2,38.2,40.7,43.6,47.2,52.1,56.1,58.7,61.1,65.3,71.2,76.3,78.3,78,81.5,90.2,99.4,106,108,113,127,139,144,143,148,155,160,157,158
Pakistan,1860,1930,2000,2070,2160,2290,2380,2530,2650,2820,3020,3120,3210,3290,3390,3520,3630,3730,3860,3990,4130,4220,4380,4620,4820,4980,5180,5380,5600,5840
Panama,89.3,92.2,94.6,106,107,116,116,126,131,143,145,156,167,179,179,190,201,206,221,242,249,257,277,287,311,326,342,365,378,398
Peru,650,600,665,713,728,771,807,897,987,1080,1200,1280,1400,1540,1610,1660,1710,1780,1900,2190,2360,2480,2570,2690,2770,2890,3040,3200,3370,3540
Philippines,2580,2680,2820,2990,3160,3320,3540,3670,3770,3680,3750,3880,4000,4070,4170,4320,4400,4560,4920,5160,5450,5790,6240,6690,7070,7410,7720,8050,8450,8850
Palau,0.42,0.44,0.47,0.49,0.51,0.54,0.57,0.6,0.64,0.68,0.71,0.73,0.74,0.75,0.77,0.77,0.78,0.79,0.79,0.8,0.82,0.83,0.85,0.87,0.91,0.95,0.99,1.04,1.09,1.14
Papua New Guinea,66.1,68.4,71,73.4,76,78.6,81.8,84.7,88.1,91.4,94,96.9,100,104,107,112,116,121,125,130,138,145,151,157,165,174,182,192,203,213
Poland,5250,5650,5730,5710,5970,6400,6520,6980,7360,7950,7960,8280,8540,8810,9260,9490,9880,10.3k,10.6k,10.9k,11.2k,11.5k,11.9k,12.2k,12.2k,12.9k,13.1k,13.4k,13.7k,14k
Puerto Rico,417,434,456,486,500,556,579,589,670,679,715,812,805,842,892,943,963,998,1020,1120,1070,1160,1120,1160,1170,1170,1230,1260,1270,1280
North Korea,1100,1150,1190,1220,1260,1300,1320,1340,1340,1360,1390,1440,1470,1520,1570,1640,1720,1810,1900,1980,2050,2120,2190,2240,2290,2340,2410,2480,2570,2640
Portugal,2300,2440,2560,2740,2760,3010,3250,3350,3560,3760,3860,4120,4360,4610,4640,4870,5060,5150,5250,5340,5440,5470,5530,5610,5630,5550,5800,5980,6070,6200
Paraguay,75,76.3,85.7,91,98.2,107,120,129,142,156,163,172,185,202,223,233,247,259,274,298,316,323,335,358,375,407,449,470,493,519
Palestine,75.2,76.4,78,80.4,83.4,87.1,91.1,95,98,101,107,114,119,122,127,134,141,144,151,162,176,193,207,224,251,273,290,307,332,354
French Polynesia,,,,,,,,,,,,,31,,,,,,,,,,,,,,,,,
Qatar,8.14,8.86,9.53,9.97,10.2,11,12.6,14.2,15.8,17,18.1,19.8,22.8,26.4,29.6,33.5,38.4,44.6,50.6,58.1,66.2,71.5,77.7,85.3,92.7,97.8,104,110,121,133
Romania,2600,2690,2960,3130,3380,3710,4060,4210,4010,3720,3710,4060,4300,4440,4540,4700,4840,5010,5400,5750,6070,5920,6280,6300,6780,6990,7310,7480,7600,7660
Russia,16.7k,17.1k,19k,22.8k,24.3k,22.8k,21.3k,19.9k,19.9k,22.1k,23.4k,23.7k,24.6k,25.5k,25.5k,27.5k,26k,25.8k,27.4k,27.2k,28.8k,27.6k,28k,28.8k,30.8k,31.6k,32.2k,30.7k,30.7k,31.6k
Rwanda,130,136,129,112,104,109,120,127,126,123,119,116,117,118,121,123,127,132,138,142,150,158,169,178,188,200,213,226,244,261
Saudi Arabia,236,260,281,301,326,356,389,417,442,470,506,540,581,621,661,713,770,834,906,976,1060,1140,1220,1330,1450,1560,1690,1820,1960,2110
Serbia and Montenegro,,,,,,,,,,,,,2100,,,,,,,,,,,,,,,,,
Sudan,258,272,284,295,306,317,328,339,349,359,372,388,406,421,438,457,477,496,518,541,569,602,632,666,702,738,776,818,869,917
Senegal,140,144,147,149,153,152,152,154,156,160,159,192,199,195,208,215,219,226,234,248,240,252,257,269,284,294,310,319,326,342
Singapore,510,561,575,606,659,689,737,743,780,759,776,823,865,861,854,903,912,1010,1100,1140,1200,1260,1300,1380,1430,1490,1550,1570,1670,1750
Solomon Islands,7.97,8.36,8.75,9.14,9.58,10.1,10.6,11.1,11.6,12.1,12.6,12.9,13.1,13.4,13.7,14.1,14.4,14.8,14.7,15.4,15.8,16.7,17.4,18.2,19,19.7,20.3,21,21.8,22.6
Sierra Leone,69.6,68.9,68.6,68.2,67.4,67.6,67.4,67.3,66.2,64.7,64.4,65.3,67.4,70.2,72.6,75.6,77.3,79.4,80.1,82.4,86.3,89.4,93.6,98.3,102,107,110,116,122,127
El Salvador,78,83.5,92,102,112,121,124,145,175,175,195,200,198,215,231,241,255,259,257,276,264,284,273,292,338,350,361,370,378,393
San Marino,8.26,8.51,8.78,9.11,9.49,9.69,10,10.4,10.7,11.1,11.5,11.7,12.1,12.4,13,13.4,13.9,14.4,14.9,15.4,15.9,16.2,16.6,17.1,17.5,17.9,18.3,18.5,18.7,19
Somalia,73.3,74.3,76,77.4,78.8,80.7,82.6,84.6,86.7,88.4,90.2,92.3,95.9,99.6,103,107,109,114,119,123,127,130,134,138,142,147,152,157,162,167
Serbia,1810,1870,1990,2060,2140,2210,2330,2490,2400,2450,2630,2660,2790,2950,3130,3280,3370,3490,3690,3820,3900,3980,4050,4140,4260,4410,4300,4340,4390,4460
South Sudan,137,139,140,141,141,144,144,142,142,143,144,142,143,147,151,154,158,162,165,169,173,177,181,183,186,187,188,192,199,205
Sao Tome and Principe,4.18,4.28,4.4,4.52,4.61,4.78,4.99,5.21,5.47,5.59,5.6,5.75,5.94,6.04,6.3,6.34,6.71,6.9,7.06,7.32,7.65,7.91,8.34,8.77,9.3,9.7,10.1,10.6,11.2,11.7
Suriname,18.9,20.4,21.8,24.3,23.4,20,19.8,21.1,24.1,26.7,28.1,29.9,32.1,34.3,35,35.9,36.6,38.3,40.8,43,45.9,47.6,49.3,53.5,57.3,60.5,62.8,65.3,67.7,69.2
Slovak Republic,1300,1330,1370,1400,1440,1520,1560,1660,1770,1810,1820,1810,1810,1780,1740,1840,1870,1990,2150,2250,2350,2460,2550,2610,2700,2830,2780,2880,2930,3010
Slovenia,403,424,440,460,481,509,535,577,607,618,637,694,720,779,769,748,825,860,896,914,938,917,941,942,891,978,978,1010,1030,1050
Sweden,2510,2670,2670,2790,2750,2880,2890,2980,3060,3150,3140,3270,3330,3400,3590,3540,3590,3650,3700,3730,3680,3670,3620,3640,3670,3780,3760,3870,4000,4100
Eswatini,15.5,16.3,16.9,17.6,18.8,20.5,22.6,23.9,25.7,27.4,29.9,32.4,34.2,35.7,36.5,36.8,36.9,37.2,37.8,38.3,38.2,38.1,38.6,39.2,39.9,40.7,41.6,42.5,43.6,44.9
Seychelles,5.33,5.65,6.11,6.59,7.31,7.84,8.37,8.69,8.97,9.21,9.22,9.51,10.3,11.2,11.5,12.1,12.4,12.7,13,13.4,13.4,13.5,14.3,14.8,15.4,16.4,17.6,18.7,20,21.4
Syria,188,200,217,221,232,245,261,278,300,315,314,312,320,317,329,349,370,394,433,466,504,532,544,549,550,547,557,573,593,612
Chad,79,81,84.4,87.9,90.8,93.5,98.8,103,105,108,109,112,115,119,124,128,133,139,146,153,160,168,175,181,188,194,201,208,216,223
Togo,46.6,48.5,50.4,52,54.3,56.9,59.9,62.6,65.1,66.3,68.2,70.7,73.1,76.8,78.9,81.5,84,86.9,91.2,95.4,99.6,103,105,108,113,118,125,132,138,145
Thailand,2490,2710,2930,3170,3410,3740,4130,4070,4510,5080,5160,4950,5220,5590,5550,5560,5600,5740,5940,6120,6430,6640,6840,7010,7310,7690,8240,8660,9170,9690
Tajikistan,177,181,189,182,186,173,161,152,146,145,145,146,152,158,173,188,193,203,213,218,230,244,251,252,259,269,280,293,300,312
Tokelau,0.05,0.05,0.05,0.05,0.05,0.05,0.05,0.05,0.05,0.05,0.05,0.05,0.05,0.05,0.05,0.05,0.05,0.06,0.06,0.06,0.06,0.06,0.06,0.06,0.07,0.07,0.07,0.07,0.08,0.08
Turkmenistan,96.4,90,82,92.4,104,105,108,98.8,94.9,86.1,78.4,73.2,75.5,78.9,83.6,91.1,94.7,98.4,101,96.1,100,108,119,128,140,151,157,164,174,181
Timor-Leste,9.75,10.1,10.7,11.3,11.7,12.1,12.4,12.7,13.8,14.4,15.1,16,17,18.3,19.4,21.4,23.4,26,28.3,31.3,34.2,38.4,42.1,45.1,47.2,50,51.9,53.6,55.2,56.7
Tonga,1.49,1.53,1.57,1.64,1.69,1.73,1.79,1.88,2.05,2.25,2.3,2.27,2.33,2.41,2.38,2.26,2.28,2.31,2.34,2.37,2.41,2.48,2.53,2.54,2.56,2.59,2.63,2.67,2.72,2.77
Trinidad and Tobago,76.2,76.9,82.6,86.3,91.7,90.8,101,95.1,99.8,106,105,114,117,130,137,142,136,144,163,156,161,158,154,161,169,177,187,194,202,209
Tunisia,220,241,258,276,287,307,325,349,370,388,405,423,440,455,471,493,518,542,569,596,626,657,690,726,766,810,852,896,945,992
Turkey,3000,3110,3230,3330,3390,3450,3480,3550,3570,3530,3440,3570,3770,3970,4220,4490,4850,5270,5810,6640,7290,7870,8290,8740,9240,9610,10k,10.5k,10.9k,11.4k
Tuvalu,0.32,0.34,0.35,0.36,0.37,0.38,0.39,0.39,0.4,0.41,0.41,0.41,0.42,0.43,0.44,0.44,0.45,0.46,0.48,0.49,0.5,0.51,0.52,0.53,0.54,0.56,0.57,0.59,0.61,0.63
Taiwan,2460,2670,2910,3160,3520,3850,4280,4680,4930,4980,5230,5370,5270,5840,6530,7200,7700,8320,9320,9920,10.6k,11.7k,11.9k,12.1k,12.7k,12.8k,13.4k,13.8k,14.3k,14.8k
Tanzania,449,460,473,487,498,507,521,540,565,584,596,609,635,667,697,726,748,775,803,829,857,887,924,956,976,1000,1040,1110,1180,1250
Uganda,254,271,283,299,317,335,353,369,389,407,431,446,465,485,509,527,547,570,584,609,637,674,705,743,771,793,827,854,903,945
Ukraine,9380,9950,10.4k,10.5k,10.8k,11.6k,11.3k,10.8k,10.2k,10.7k,11.1k,10.7k,10.7k,10.3k,10.4k,10.1k,9500,9940,10.3k,9330,9290,9250,9560,9690,9100,11.8k,11.4k,11.5k,11.9k,12k
Uruguay,663,674,700,711,704,706,728,749,780,811,813,798,836,852,860,868,875,944,898,911,947,966,975,973,950,970,974,1010,1040,1070
United States,77.4k,78.4k,80.1k,83.9k,85.6k,87.4k,86.8k,86.6k,87.5k,89.5k,90.8k,91.8k,93k,92.6k,90k,90.7k,90.4k,91.1k,94.1k,96.8k,98.6k,101k,103k,105k,106k,108k,113k,115k,120k,123k
Uzbekistan,534,542,555,599,636,662,696,683,676,685,714,723,735,730,705,727,726,730,730,714,734,779,825,874,931,992,1080,1120,1190,1230
St. Vincent and the Grenadines,4.52,4.69,4.93,5.04,5.06,5.26,5.65,5.72,5.85,6.09,6.36,6.36,6.69,6.98,7.2,7.15,7.42,7.58,7.99,8.36,8.75,9.14,9.96,10.6,11.2,11.8,12.3,12.8,13.4,14
Venezuela,486,529,589,645,694,756,779,801,897,941,1030,1150,1210,1300,1240,1310,1520,1720,1850,1870,1750,1820,1990,2030,2000,2090,2220,2350,2490,2720
Virgin Islands (U.S.),10.4,11.2,11.9,12.8,13.8,14.1,15,15.6,16.2,17.3,18,19,20.3,21.7,23.2,24.6,27.4,35.8,38,39.9,41.9,43.5,44.7,45.2,45.5,46.3,45.8,45.5,45.6,45.7
Vietnam,2160,2260,2350,2490,2640,2800,3050,3210,3410,3640,3880,4190,4550,4970,5420,5900,6390,6980,7600,8210,8810,9390,10k,10.7k,11.4k,12k,12.8k,13.6k,14.5k,15.4k
Vanuatu,3.06,3.25,3.41,3.55,3.73,3.8,3.95,4.07,4.2,4.38,4.44,4.62,4.58,4.6,4.75,5.07,5.35,5.68,6.01,6.31,6.63,7.05,7.38,7.73,8.05,8.34,8.67,9,9.36,9.72
Samoa,4.78,4.91,5.01,5,5.06,5.14,5.21,5.28,5.41,5.56,5.67,5.75,5.85,5.97,6.08,6.19,6.3,6.37,6.44,6.46,6.43,6.48,6.58,6.5,6.58,6.82,7.07,7.33,7.63,7.91
Yemen,137,141,147,153,159,167,175,184,191,201,213,226,242,254,268,286,306,326,348,362,376,398,417,438,456,473,487,500,514,523
South Africa,1120,1180,1250,1250,1340,1460,1580,1790,1810,1760,1810,1810,1850,1910,1940,1980,2080,2140,2240,2320,2380,2430,2490,2560,2670,2800,2860,2930,2900,2920
Zambia,156,165,172,179,185,192,199,205,210,215,221,227,235,245,254,263,272,280,289,299,318,336,350,365,384,404,426,455,483,509
Zimbabwe,208,217,234,249,268,286,296,305,312,316,325,332,340,340,340,328,319,312,309,302,300,300,305,312,323,338,353,366,381,395
